id,date,time,sensor,platform,blue,green,red,nir,swir1,swir2,lst,fmask
004,2017-04-14,15:09:43,LE07,LANDSAT_7,0.07522000000000001,0.09039999999999998,0.1205675,0.1797475,0.28818,0.1840925,288.7628378,0
004,2017-04-30,15:09:49,LE07,LANDSAT_7,0.049947500000000006,0.07054500000000002,0.0930125,0.15747250000000002,0.307595,0.2123625,290.10270163999996,0
004,2017-05-17,15:00:39,LC08,LANDSAT_8,0.06213000000000002,0.07552249999999999,0.09658749999999999,0.1807375,0.28169,0.19729249999999998,296.21412139999995,0
004,2017-06-25,15:07:08,LC08,LANDSAT_8,0.04037750000000001,0.0630925,0.06597999999999998,0.22396749999999999,0.25287,0.151725,302.53062236,0
004,2017-08-05,15:01:11,LC08,LANDSAT_8,0.06240499999999999,0.09147250000000001,0.07728249999999998,0.37904,0.27553,0.13726,303.96277274,0
004,2017-08-21,15:01:16,LC08,LANDSAT_8,0.06474249999999998,0.07728249999999998,0.06592500000000001,0.257325,0.21890749999999998,0.11421500000000001,304.57459832,0
004,2017-08-28,15:07:28,LC08,LANDSAT_8,0.03914000000000001,0.061085,0.056684999999999985,0.25386000000000003,0.212555,0.11281249999999998,300.20636876000003,0
004,2017-08-29,15:03:48,LE07,LANDSAT_7,0.03814999999999999,0.0597375,0.05734499999999998,0.26125750000000003,0.2297975,0.11492999999999998,301.37191357999995,0
004,2017-09-05,15:09:59,LE07,LANDSAT_7,0.05195499999999997,0.0718375,0.0649075,0.30748499999999995,0.23802,0.11864249999999998,298.59989936,0
004,2017-09-13,15:07:28,LC08,LANDSAT_8,0.0354275,0.05707000000000001,0.057152499999999995,0.24514249999999999,0.21459,0.11088750000000003,301.76156786,0
004,2017-09-21,15:09:57,LE07,LANDSAT_7,0.03339249999999999,0.0533575,0.05630000000000002,0.22713,0.20997,0.10722999999999999,296.55934142,0
004,2017-09-22,15:01:22,LC08,LANDSAT_8,0.03988249999999999,0.05937999999999999,0.05792249999999999,0.24924000000000002,0.21252749999999998,0.11262,297.45486266,0
004,2017-10-07,15:09:59,LE07,LANDSAT_7,0.040679999999999994,0.06339499999999998,0.07906999999999997,0.2218775,0.21475500000000003,0.11311500000000002,293.32931252000003,0
004,2017-10-23,15:10:01,LE07,LANDSAT_7,0.0295975,0.05143249999999999,0.07615499999999997,0.199465,0.2167075,0.11740499999999998,288.65687918000003,0
004,2017-10-24,15:01:30,LC08,LANDSAT_8,0.06540249999999997,0.08171,0.0990625,0.2316125,0.2310625,0.12906499999999999,292.90206002,0
004,2018-05-11,15:06:26,LC08,LANDSAT_8,0.057620000000000005,0.072525,0.09655999999999998,0.18593500000000002,0.3160375,0.218275,290.35563512,0
004,2018-05-12,15:01:27,LE07,LANDSAT_7,0.06144250000000001,0.08586250000000001,0.11347249999999998,0.17972,0.3157075,0.21316000000000002,291.38104111999996,0
004,2018-05-19,15:07:31,LE07,LANDSAT_7,0.06160749999999998,0.08410250000000002,0.11536999999999997,0.18145250000000002,0.30688,0.206505,291.22723022,0
004,2018-05-27,15:06:13,LC08,LANDSAT_8,0.06485249999999998,0.085505,0.11358249999999998,0.210575,0.32197749999999997,0.2192925,295.7868689,0
004,2018-06-21,15:00:09,LC08,LANDSAT_8,0.05858249999999998,0.07615499999999997,0.08567000000000002,0.229055,0.2849075,0.17204750000000002,298.59648133999997,0
004,2018-07-07,15:00:18,LC08,LANDSAT_8,0.04598749999999999,0.06820749999999998,0.06900499999999998,0.2436025,0.26673,0.15750000000000003,301.23519278000003,0
004,2018-07-14,15:06:32,LC08,LANDSAT_8,0.041972499999999996,0.06595250000000002,0.06124999999999997,0.248415,0.2389,0.13082500000000002,304.007207,0
004,2018-07-15,15:00:18,LE07,LANDSAT_7,0.040514999999999995,0.0713975,0.07288250000000002,0.266345,0.25595,0.14641749999999998,309.89987348,0
004,2018-07-22,15:06:22,LE07,LANDSAT_7,0.037957500000000005,0.06397249999999999,0.06012250000000002,0.270525,0.23703000000000002,0.12513249999999998,304.42420544000004,0
004,2018-08-08,15:00:34,LC08,LANDSAT_8,0.0413125,0.06721749999999999,0.05332999999999999,0.2824875,0.20331500000000002,0.10461749999999997,303.42956161999996,0
004,2018-08-24,15:00:42,LC08,LANDSAT_8,0.16118500000000002,0.18995,0.17331249999999998,0.25166,0.193855,0.10885250000000002,297.57449336,0
004,2018-08-31,15:06:55,LC08,LANDSAT_8,0.03501499999999999,0.06067250000000002,0.05159750000000002,0.2737975,0.19721,0.09755000000000003,298.91777522,0
004,2018-09-08,15:05:26,LE07,LANDSAT_7,0.03303500000000001,0.05734499999999998,0.057620000000000005,0.2678025,0.19448749999999998,0.1013175,297.09938858,0
004,2018-09-09,15:00:47,LC08,LANDSAT_8,0.04565749999999999,0.06716250000000001,0.061167499999999986,0.29654,0.20936500000000002,0.10830250000000002,296.44654676,0
004,2018-09-17,14:59:03,LE07,LANDSAT_7,0.036087499999999995,0.06663999999999998,0.06507249999999998,0.2763275,0.22179500000000002,0.1084675,304.47889376,0
004,2018-09-24,15:05:04,LE07,LANDSAT_7,0.03309000000000001,0.06124999999999997,0.06743749999999998,0.2507525,0.2145625,0.10967749999999998,289.1046398,0
004,2018-09-25,15:00:53,LC08,LANDSAT_8,0.06444,0.08017000000000002,0.07271749999999999,0.2690125,0.20166499999999998,0.10282999999999998,291.43914745999996,0
004,2018-10-26,15:04:19,LE07,LANDSAT_7,0.038699999999999984,0.0632025,0.08344249999999998,0.20647749999999998,0.1845325,0.096945,275.75043566,0
004,2018-11-12,15:01:07,LC08,LANDSAT_8,0.05957249999999997,0.0746425,0.10096,0.20188499999999998,0.23373,0.1463625,274.36955558,0
004,2019-05-23,15:00:51,LC08,LANDSAT_8,0.06493500000000002,0.08033499999999999,0.10362749999999998,0.1938825,0.27443,0.181315,290.29752878,0
004,2019-06-07,14:57:15,LE07,LANDSAT_7,0.048380000000000006,0.08011499999999999,0.10563499999999998,0.185,0.298575,0.19033499999999998,298.54862906,0
004,2019-06-08,15:00:58,LC08,LANDSAT_8,0.06204749999999998,0.079235,0.0989525,0.21095999999999998,0.31425,0.21019,296.63795588,0
004,2019-06-16,14:50:45,LE07,LANDSAT_7,0.05508999999999997,0.0834975,0.10717500000000002,0.20744,0.323985,0.20375500000000002,305.49062768,0
004,2019-06-23,14:56:40,LE07,LANDSAT_7,0.056794999999999984,0.08028000000000002,0.09543249999999998,0.20801750000000002,0.2529525,0.1442175,298.13163062,0
004,2019-06-24,15:01:04,LC08,LANDSAT_8,0.091335,0.10987000000000002,0.1167725,0.2527875,0.2801225,0.17831750000000002,297.06179036000003,0
004,2019-07-10,15:01:07,LC08,LANDSAT_8,0.06430249999999998,0.07893250000000002,0.07964749999999998,0.24387750000000002,0.2577925,0.15571249999999998,300.19953272,0
004,2019-07-17,15:07:19,LC08,LANDSAT_8,0.06270749999999997,0.08138000000000001,0.07568750000000002,0.24019250000000003,0.19726500000000002,0.10709249999999998,293.84885155999996,0
004,2019-07-25,14:55:26,LE07,LANDSAT_7,0.03781999999999999,0.06763000000000002,0.06663999999999998,0.248745,0.223335,0.11889,302.49302414,0
004,2019-07-26,15:01:12,LC08,LANDSAT_8,0.05599749999999998,0.07434000000000002,0.06776749999999998,0.2662625,0.23975249999999998,0.132475,305.46670154000003,0
004,2019-08-02,15:07:26,LC08,LANDSAT_8,0.04497000000000001,0.0679325,0.06039749999999999,0.2619725,0.2274875,0.12166749999999998,307.17912956,0
004,2019-08-11,15:01:18,LC08,LANDSAT_8,0.05795,0.079675,0.06776749999999998,0.29733750000000003,0.22438000000000002,0.11399500000000001,298.87334096,0
004,2019-09-19,15:07:40,LC08,LANDSAT_8,0.03779250000000001,0.05880249999999998,0.06372499999999998,0.22124500000000002,0.174605,0.10426000000000002,293.55148382,0
004,2019-09-20,14:46:49,LE07,LANDSAT_7,0.03476750000000001,0.05404500000000001,0.05586000000000002,0.150295,0.11088750000000003,0.05591499999999999,298.21366309999996,0
004,2019-09-27,14:52:42,LE07,LANDSAT_7,0.047087500000000004,0.07271749999999999,0.08259,0.2153875,0.180325,0.09823749999999998,291.7365152,0
004,2019-10-05,15:07:44,LC08,LANDSAT_8,0.05327500000000002,0.07018750000000001,0.07763999999999999,0.21060250000000003,0.19512000000000002,0.12463750000000001,286.72227985999996,0
004,2019-10-21,15:07:46,LC08,LANDSAT_8,0.043265,0.06020500000000001,0.07964749999999998,0.187365,0.1860175,0.12097999999999998,289.52505626,0
004,2019-10-22,14:45:29,LE07,LANDSAT_7,0.07268999999999998,0.08220499999999997,0.10720249999999998,0.18574249999999998,0.19313999999999998,0.11839499999999997,286.2164129,0
004,2019-10-29,14:51:21,LE07,LANDSAT_7,0.05261500000000002,0.05217499999999997,0.07131500000000002,0.1295325,0.14955249999999998,0.10019,285.37216195999997,0
004,2019-10-30,15:01:35,LC08,LANDSAT_8,0.06895000000000001,0.08033499999999999,0.10093249999999998,0.20397500000000002,0.21354499999999998,0.13181500000000002,288.41078174,0
004,2019-11-06,15:07:45,LC08,LANDSAT_8,0.056520000000000015,0.07235999999999998,0.09680749999999999,0.19072,0.20348,0.13129249999999998,280.99026032,0
004,2020-04-14,15:06:58,LC08,LANDSAT_8,0.06009500000000001,0.08817249999999999,0.11000749999999998,0.17312,0.201115,0.15783000000000003,284.81160667999995,0
004,2020-05-24,14:40:17,LE07,LANDSAT_7,0.06985750000000002,0.10128999999999999,0.1360225,0.21008,0.30567000000000005,0.21442499999999998,300.1961147,0
004,2020-05-25,15:00:38,LC08,LANDSAT_8,0.0903175,0.11545250000000001,0.1436675,0.241375,0.301985,0.2266625,296.47730894,0
004,2020-06-01,15:06:52,LC08,LANDSAT_8,0.08806249999999999,0.11729499999999998,0.14325500000000002,0.27905,0.3388075,0.2498725,299.55694496,0
004,2020-06-18,14:32:39,LE07,LANDSAT_7,0.06551249999999997,0.0958175,0.1135275,0.24011,0.27014,0.187255,311.06200028,0
004,2020-06-25,14:38:25,LE07,LANDSAT_7,0.05409999999999998,0.08434999999999998,0.09136250000000001,0.25845250000000003,0.2730275,0.164155,309.99557804,0
004,2020-07-03,15:07:10,LC08,LANDSAT_8,0.05179,0.07785999999999998,0.08198499999999997,0.2512475,0.223995,0.14155,301.77523994,0
004,2020-08-04,15:07:20,LC08,LANDSAT_8,0.04002,0.07092999999999999,0.06540249999999997,0.2897475,0.20232499999999998,0.11594749999999998,308.8266152,0
004,2020-08-13,15:01:11,LC08,LANDSAT_8,0.057620000000000005,0.08388250000000003,0.072745,0.31463500000000005,0.21318750000000003,0.11735000000000001,308.04730664,0
004,2020-08-20,15:07:26,LC08,LANDSAT_8,0.03803999999999999,0.06831749999999998,0.06405499999999997,0.29522,0.205405,0.11495749999999999,301.72396964,0
004,2020-09-05,15:07:33,LC08,LANDSAT_8,0.034052499999999986,0.06207499999999999,0.05948999999999999,0.2902975,0.177025,0.09713749999999999,299.23223306,0
004,2020-09-06,14:27:40,LE07,LANDSAT_7,0.035509999999999986,0.058142499999999986,0.06570500000000001,0.2593325,0.19220500000000001,0.08899750000000001,297.21901928,0
004,2020-09-21,15:07:39,LC08,LANDSAT_8,0.03927749999999999,0.06408249999999999,0.06721749999999999,0.2730825,0.19905250000000002,0.11399500000000001,293.18233766000003,0
004,2020-10-15,14:31:19,LE07,LANDSAT_7,0.04290749999999999,0.07068249999999998,0.07332250000000001,0.2295775,0.181205,0.09287499999999999,288.57484669999997,0
004,2020-10-16,15:01:32,LC08,LANDSAT_8,0.05431999999999998,0.07522000000000001,0.08778750000000002,0.2633475,0.2136,0.12153000000000003,293.29513232,0
004,2020-10-31,14:30:16,LE07,LANDSAT_7,0.055227499999999985,0.07321250000000001,0.09216000000000002,0.212665,0.21417750000000002,0.12859749999999998,278.04050906,0
004,2020-11-17,15:01:29,LC08,LANDSAT_8,0.06595250000000002,0.09012500000000001,0.1300825,0.24401499999999998,0.229605,0.1409725,278.54979404,0
004,2021-03-24,14:19:40,LE07,LANDSAT_7,0.14947,0.162615,0.1817275,0.2075225,0.14738,0.09474500000000002,282.24125563999996,0
004,2021-04-10,15:00:55,LC08,LANDSAT_8,0.07381749999999998,0.10008,0.1289825,0.218165,0.26849,0.19074750000000001,283.78620068,0
004,2021-05-03,15:06:53,LC08,LANDSAT_8,0.06039749999999999,0.09196749999999998,0.12246499999999999,0.21137250000000002,0.2726425,0.19503750000000003,288.00061933999996,0
004,2021-05-04,14:10:04,LE07,LANDSAT_7,0.06765749999999998,0.091335,0.12868000000000002,0.2005925,0.2610375,0.187585,289.4293517,0
004,2021-05-28,15:00:54,LC08,LANDSAT_8,0.07445000000000002,0.09920000000000001,0.12494,0.252155,0.298355,0.20254500000000003,293.14473943999997,0
004,2021-06-12,14:12:59,LE07,LANDSAT_7,0.04607,0.07854749999999999,0.08861249999999998,0.23892750000000001,0.2381025,0.14429999999999998,298.37431003999995,0
004,2021-06-13,15:01:01,LC08,LANDSAT_8,0.05591499999999999,0.0800325,0.09070250000000002,0.24681999999999998,0.2108775,0.13643500000000003,296.63111984,0
004,2021-06-21,14:06:04,LE07,LANDSAT_7,0.05170750000000002,0.08264500000000002,0.09392,0.2687925,0.24511500000000003,0.13654500000000003,304.85487595999996,0
004,2021-07-06,15:07:16,LC08,LANDSAT_8,0.06328499999999998,0.08206750000000002,0.07337749999999998,0.2726425,0.20815499999999998,0.11102499999999998,300.94466108,0
004,2021-08-08,14:01:56,LE07,LANDSAT_7,0.03908500000000001,0.0718375,0.05635499999999999,0.2880425,0.19344250000000002,0.0933425,296.46363686,0
004,2021-08-15,14:07:29,LE07,LANDSAT_7,0.03694,0.05891249999999998,0.05135000000000001,0.2724225,0.1905,0.08690750000000003,302.7083594,0
004,2021-08-16,15:01:20,LC08,LANDSAT_8,0.0508825,0.0746425,0.0630925,0.2966225,0.1961925,0.10258250000000002,304.02771512,0
004,2021-08-31,14:06:07,LE07,LANDSAT_7,0.02918499999999999,0.056794999999999984,0.05489749999999999,0.2649425,0.19291999999999998,0.09136250000000001,305.6307665,0
004,2021-09-08,15:07:38,LC08,LANDSAT_8,0.03001000000000001,0.057977500000000015,0.05242249999999998,0.25166,0.16602499999999998,0.08679749999999997,299.2903394,0
004,2021-09-16,14:04:42,LE07,LANDSAT_7,0.034409999999999996,0.058555000000000024,0.06224000000000002,0.23961500000000002,0.1455925,0.0739825,288.49965026,0
004,2021-09-17,15:01:29,LC08,LANDSAT_8,0.03927749999999999,0.06380750000000002,0.06014999999999998,0.26125750000000003,0.18081999999999998,0.09485500000000002,298.56571915999996,0
004,2021-10-10,15:07:47,LC08,LANDSAT_8,0.047967499999999996,0.06402750000000001,0.07312999999999997,0.212225,0.17969249999999998,0.10285749999999999,290.67009296000003,0
004,2021-11-04,15:01:36,LC08,LANDSAT_8,0.046152499999999985,0.059655000000000014,0.07849250000000002,0.19030750000000002,0.20801750000000002,0.12587500000000001,281.78665897999997,0
004,2021-11-11,15:07:45,LC08,LANDSAT_8,0.0387275,0.055227499999999985,0.07643,0.18123250000000002,0.1810675,0.10536000000000001,279.95460026,0
004,2021-11-20,15:01:32,LC08,LANDSAT_8,0.050744999999999985,0.06193749999999998,0.08209499999999997,0.17279,0.1796375,0.10624,276.150344,0
004,2021-12-14,15:01:29,LC09,LANDSAT_9,0.059435000000000016,0.0711775,0.09953000000000001,0.1980075,0.23276750000000002,0.1484525,272.80410242,0
004,2022-04-13,15:01:02,LC08,LANDSAT_8,0.08531250000000001,0.11592000000000002,0.14936,0.22201500000000002,0.25881,0.18863000000000002,288.25697084,0
004,2022-04-21,15:00:57,LC09,LANDSAT_9,0.06584250000000003,0.0839375,0.10695500000000002,0.19556,0.2725875,0.1839,286.24375706,0
004,2022-05-07,15:00:53,LC09,LANDSAT_9,0.06741000000000003,0.08822750000000001,0.115315,0.2125825,0.33160249999999997,0.2367825,287.39904781999996,0
004,2022-05-23,15:00:42,LC09,LANDSAT_9,0.06133250000000001,0.0749725,0.09001500000000001,0.17416500000000001,0.18472500000000003,0.12658999999999998,285.18417086,0
004,2022-05-31,15:01:10,LC08,LANDSAT_8,0.07101249999999998,0.09317750000000002,0.11393999999999999,0.24321750000000003,0.2983825,0.2025725,293.1720836,0
004,2022-06-07,15:07:27,LC08,LANDSAT_8,0.0474725,0.0722775,0.08649499999999999,0.2234175,0.2597175,0.16762,299.12627444,0
004,2022-06-15,15:07:00,LC09,LANDSAT_9,0.04095499999999999,0.06149749999999998,0.06625500000000001,0.20430500000000001,0.19041750000000002,0.11525999999999997,297.16774898,0
004,2022-06-23,15:07:36,LC08,LANDSAT_8,0.04290749999999999,0.06801499999999999,0.0693625,0.24533500000000003,0.222565,0.1325575,299.2390691,0
004,2022-07-09,15:07:36,LC08,LANDSAT_8,0.03187999999999999,0.06056250000000002,0.055117499999999986,0.25804,0.20532250000000002,0.11525999999999997,300.05255786,0
004,2022-07-10,15:01:01,LC09,LANDSAT_9,0.04659250000000001,0.07197500000000001,0.067355,0.278005,0.231365,0.1314575,303.49108598,0
004,2022-07-17,15:07:13,LC09,LANDSAT_9,0.05115750000000002,0.0720575,0.06067250000000002,0.278335,0.1974575,0.10247250000000002,304.61561456,0
004,2022-07-18,15:01:27,LC08,LANDSAT_8,0.060809999999999975,0.0803625,0.06944499999999998,0.2948075,0.211015,0.108935,306.35538674,0
004,2022-07-26,15:01:11,LC09,LANDSAT_9,0.03908500000000001,0.06933499999999998,0.05932500000000002,0.3052575,0.21395750000000002,0.109265,306.30411644000003,0
004,2022-08-03,15:01:38,LC08,LANDSAT_8,0.04290749999999999,0.07310250000000001,0.06149749999999998,0.3079525,0.2073025,0.10519499999999998,303.62780678,0
004,2022-09-03,15:07:36,LC09,LANDSAT_9,0.03006500000000001,0.059655000000000014,0.054595000000000005,0.29744750000000003,0.1936075,0.09826499999999999,301.78207598,0
004,2022-09-04,15:01:44,LC08,LANDSAT_8,0.0447775,0.07200250000000002,0.06466,0.308255,0.2047175,0.097385,301.45394606,0
004,2022-09-11,15:07:59,LC08,LANDSAT_8,0.05352249999999997,0.06999499999999997,0.06520999999999999,0.271515,0.1927275,0.09469,300.760088,0
004,2022-09-19,15:07:42,LC09,LANDSAT_9,0.03111,0.055145,0.05731750000000002,0.27929750000000003,0.19333250000000002,0.09796250000000001,294.30686624,0
004,2022-09-27,15:08:01,LC08,LANDSAT_8,0.06845499999999999,0.09383750000000002,0.11512250000000002,0.18865749999999998,0.19501000000000002,0.1611575,292.93282220000003,0
004,2022-10-05,15:07:43,LC09,LANDSAT_9,0.08564250000000001,0.11055749999999998,0.1380575,0.19539499999999999,0.21987,0.193635,293.1379034,0
004,2022-10-22,15:01:47,LC08,LANDSAT_8,0.11718499999999998,0.14839750000000002,0.1749075,0.229385,0.2864475,0.259525,290.95720664,0
004,2022-10-29,15:08:01,LC08,LANDSAT_8,0.11025499999999999,0.14232,0.17240499999999997,0.21733999999999998,0.2805075,0.25606,286.16172458,0
004,2022-10-30,15:01:37,LC09,LANDSAT_9,0.11325249999999998,0.13910250000000002,0.17147,0.22105249999999999,0.2829275,0.255895,288.89614058,0
004,2022-11-22,15:07:50,LC09,LANDSAT_9,0.128625,0.15670250000000002,0.18615500000000001,0.21170250000000002,0.2577375,0.2521275,274.2020726,0
004,2022-11-23,15:01:44,LC08,LANDSAT_8,0.1441075,0.17408250000000003,0.2027925,0.23208,0.28455,0.278445,274.68401342,0
004,2023-02-27,15:01:15,LC08,LANDSAT_8,0.18417499999999998,0.20986,0.2299075,0.2508075,0.27481500000000003,0.2760525,268.3059881,0
004,2023-04-08,15:01:07,LC09,LANDSAT_9,0.1525225,0.18216749999999998,0.20532250000000002,0.2332075,0.28075500000000003,0.28411000000000003,278.60448236,0
004,2023-04-15,15:07:13,LC09,LANDSAT_9,0.13055,0.164595,0.1908575,0.21879749999999998,0.26865500000000003,0.2669225,290.39323334,0
004,2023-06-11,15:00:34,LC09,LANDSAT_9,0.09502,0.11512250000000002,0.12634250000000002,0.1648425,0.20073000000000002,0.1708925,299.77569824,0
004,2023-07-13,15:00:47,LC09,LANDSAT_9,0.126645,0.15736250000000002,0.17958249999999998,0.22627750000000002,0.27223,0.253805,312.49415066,0
004,2023-07-21,15:00:54,LC08,LANDSAT_8,0.12351000000000001,0.1497175,0.1688575,0.22586499999999998,0.2725325,0.2520175,310.54587926,0
004,2023-07-28,15:07:11,LC08,LANDSAT_8,0.1206775,0.14977249999999998,0.16806,0.2165975,0.2509725,0.23032000000000002,301.89145262,0
004,2023-07-29,15:00:51,LC09,LANDSAT_9,0.12612250000000003,0.16162500000000002,0.18533,0.2308425,0.2774825,0.2648325,302.19907442,0
004,2023-09-15,15:01:16,LC09,LANDSAT_9,0.02506,0.030725000000000002,0.027947499999999986,0.04183500000000001,0.03473999999999999,0.02767249999999999,295.06566668,0
004,2023-09-22,15:07:26,LC09,LANDSAT_9,0.11278500000000002,0.13990000000000002,0.1543925,0.2302925,0.2566375,0.23967,294.79906112000003,0
004,2023-09-23,15:01:16,LC08,LANDSAT_8,0.12680999999999998,0.1567575,0.17350500000000002,0.241375,0.26315500000000003,0.23986249999999998,295.60913186,0
004,2023-09-30,15:07:30,LC08,LANDSAT_8,0.12018250000000003,0.1473525,0.16113,0.22658,0.2604875,0.24332750000000003,297.51980504,0
004,2023-10-01,15:01:15,LC09,LANDSAT_9,0.1232625,0.1480125,0.16242250000000003,0.23571000000000003,0.26255,0.243245,297.86160703999997,0
004,2023-10-24,15:07:36,LC09,LANDSAT_9,0.0680425,0.09048250000000002,0.1045625,0.14941500000000002,0.13756249999999998,0.10945749999999999,285.39267008,0
004,2023-11-02,15:01:18,LC09,LANDSAT_9,0.12980750000000002,0.16184500000000002,0.1891525,0.2513575,0.2849625,0.2724775,277.72605122,0
004,2023-11-10,15:01:19,LC08,LANDSAT_8,0.04285249999999999,0.042605000000000004,0.03825999999999999,0.04851749999999999,0.0473075,0.0385625,278.7309491,1
004,2023-11-17,15:07:35,LC08,LANDSAT_8,0.12444500000000003,0.16363250000000001,0.1894,0.24255749999999998,0.280315,0.26585000000000003,280.10499314000003,0
004,2023-11-25,15:07:41,LC09,LANDSAT_9,0.127745,0.1667675,0.19479000000000002,0.23873500000000003,0.27608,0.27201000000000003,271.23864926,0
004,2024-03-01,15:01:09,LC08,LANDSAT_8,0.1445475,0.17092000000000002,0.193415,0.22809250000000003,0.25837,0.2513575,267.9129158,0
004,2024-04-01,15:07:23,LC09,LANDSAT_9,0.10541499999999998,0.14204499999999998,0.17070000000000002,0.20290249999999999,0.2604325,0.24723250000000002,283.75885652,0
004,2024-04-02,15:00:48,LC08,LANDSAT_8,0.1199075,0.14850750000000001,0.1785925,0.210465,0.27022250000000003,0.2531725,284.9346554,0
004,2024-04-09,15:06:58,LC08,LANDSAT_8,0.10962250000000001,0.14003749999999998,0.16157,0.1880525,0.24211749999999999,0.22394000000000003,282.7471226,0
004,2024-04-10,15:01:09,LC09,LANDSAT_9,0.10368250000000001,0.134565,0.15805000000000002,0.19116,0.2546575,0.2378825,286.62315728,0
004,2024-05-11,15:06:37,LC08,LANDSAT_8,0.12026500000000001,0.158545,0.18664999999999998,0.224545,0.283065,0.2770425,293.77365512,0
004,2024-05-27,15:06:25,LC08,LANDSAT_8,0.12230000000000002,0.1545025,0.1705625,0.22586499999999998,0.23155750000000003,0.21624,289.09438574,0
004,2024-06-04,15:06:44,LC09,LANDSAT_9,0.12989,0.16511750000000003,0.1873375,0.2361225,0.2827075,0.2695625,299.77911626,0
004,2024-06-05,15:00:16,LC08,LANDSAT_8,0.1255175,0.1664925,0.18986750000000002,0.242035,0.28807,0.2728075,304.23279632000003,0
004,2024-06-13,15:00:27,LC09,LANDSAT_9,0.12062250000000002,0.158765,0.18214000000000002,0.24594,0.2846325,0.26398,307.79437315999996,0
004,2024-07-14,15:06:50,LC08,LANDSAT_8,0.10057500000000003,0.1356925,0.1532925,0.23381249999999998,0.2569125,0.225315,308.35834646,0
004,2024-07-22,15:06:49,LC09,LANDSAT_9,0.10783500000000001,0.1482325,0.16748249999999998,0.2602675,0.2854025,0.264475,306.11612534,0
004,2024-07-30,15:06:59,LC08,LANDSAT_8,0.1362425,0.1683075,0.18417499999999998,0.2939275,0.3292375,0.2967875,308.18744546,0
004,2024-08-07,15:06:53,LC09,LANDSAT_9,0.1124,0.15354,0.174935,0.25771,0.266455,0.2478375,306.8441636,0
004,2024-08-08,15:00:44,LC08,LANDSAT_8,0.11490250000000002,0.14707750000000003,0.1634675,0.2577375,0.2652175,0.23967,307.75335692,0
004,2024-08-15,15:07:03,LC08,LANDSAT_8,0.11693750000000003,0.1527425,0.17193750000000002,0.27514500000000003,0.2847975,0.2659875,302.32212314000003,0
004,2024-08-16,15:00:48,LC09,LANDSAT_9,0.103105,0.12744250000000001,0.138195,0.234775,0.2429425,0.20678000000000002,303.0501614,0
004,2024-08-24,15:00:57,LC08,LANDSAT_8,0.11124499999999998,0.1446575,0.156785,0.2575725,0.2591675,0.22559,304.88563813999997,0
004,2024-08-31,15:07:11,LC08,LANDSAT_8,0.10450749999999998,0.14429999999999998,0.158765,0.2664,0.2536675,0.22003499999999998,298.2991136,0
004,2024-09-09,15:01:05,LC08,LANDSAT_8,0.12029250000000002,0.1553275,0.17237750000000002,0.2865025,0.2752,0.23615000000000003,296.15259704,0
004,2024-09-16,15:07:18,LC08,LANDSAT_8,0.10536000000000001,0.13462000000000002,0.145895,0.25856250000000003,0.259525,0.22261999999999998,302.64341702,0
004,2024-09-17,15:01:01,LC09,LANDSAT_9,0.11165750000000002,0.13627,0.1507075,0.2575175,0.2609,0.2249025,304.44813158,0
004,2024-10-03,15:01:08,LC09,LANDSAT_9,0.10527750000000002,0.14342,0.15585,0.2757225,0.2666475,0.2268825,295.52026334,0
004,2024-10-18,15:07:27,LC08,LANDSAT_8,0.09499249999999998,0.13187,0.14966249999999998,0.2316125,0.24041250000000003,0.21338000000000001,287.70666961999996,0
004,2024-10-19,15:01:18,LC09,LANDSAT_9,0.103215,0.138745,0.14707750000000003,0.256335,0.2570775,0.21555249999999998,289.11489386,0
004,2024-10-27,15:01:12,LC08,LANDSAT_8,0.11867,0.145455,0.1674275,0.26277,0.2571325,0.22614,282.40873862,0
004,2024-11-04,15:01:17,LC09,LANDSAT_9,0.12362000000000001,0.1551075,0.1728175,0.2502025,0.253805,0.22484749999999998,277.87302608,0
004,2024-12-13,15:07:30,LC09,LANDSAT_9,0.11410500000000001,0.1546675,0.1872275,0.23301500000000003,0.28191,0.256115,271.89149108,0
004,2024-12-14,15:01:12,LC08,LANDSAT_8,0.13442749999999998,0.16849999999999998,0.19770500000000002,0.2392575,0.2967875,0.273935,270.4593407,0
004,2025-01-06,15:07:27,LC08,LANDSAT_8,0.053495000000000015,0.16860999999999998,0.25496,0.325745,0.22174,0.1878325,267.15753338,0
004,2025-04-21,15:00:37,LC08,LANDSAT_8,0.128845,0.16487000000000002,0.19547750000000003,0.22682750000000002,0.29478,0.2802875,288.84487028,0
004,2025-04-28,15:06:47,LC08,LANDSAT_8,0.09353499999999998,0.1256,0.1496075,0.18631999999999999,0.2294675,0.21230749999999998,285.40292414,0
004,2025-05-15,15:00:44,LC09,LANDSAT_9,0.12037500000000001,0.15549249999999998,0.18238749999999998,0.22674500000000003,0.28719,0.261285,305.56924214000003,0
004,2025-06-08,15:00:43,LC08,LANDSAT_8,0.09414,0.11902750000000001,0.12802000000000002,0.2163775,0.23158499999999999,0.20755,295.68091028000003,0
004,2025-06-16,15:00:47,LC09,LANDSAT_9,0.109155,0.14386,0.16014,0.25815,0.27179000000000003,0.24109999999999998,305.77090532,0
004,2025-07-02,15:00:54,LC09,LANDSAT_9,0.11132750000000002,0.150515,0.16715249999999998,0.27333,0.26805,0.230375,312.23438114,0
004,2025-07-09,15:07:05,LC09,LANDSAT_9,0.09216000000000002,0.12499500000000002,0.13792,0.24514249999999999,0.2373325,0.20545999999999998,304.03796918,0
004,2025-07-17,15:07:13,LC08,LANDSAT_8,0.09141749999999998,0.127195,0.1349225,0.264805,0.250505,0.2024625,309.28121186,0
004,2025-07-18,15:01:00,LC09,LANDSAT_9,0.097825,0.1392675,0.15032250000000003,0.266455,0.25496,0.21514,303.92859253999995,0
004,2025-07-26,15:01:04,LC08,LANDSAT_8,0.08951999999999999,0.11536999999999997,0.11534250000000001,0.25375000000000003,0.22517750000000003,0.18159000000000003,298.48368668,0
004,2025-08-02,15:07:18,LC08,LANDSAT_8,0.09028999999999998,0.12906499999999999,0.13890999999999998,0.263485,0.23769,0.19938250000000002,303.92517452,0
004,2025-08-03,15:01:07,LC09,LANDSAT_9,0.09741250000000001,0.12502249999999998,0.1256,0.277455,0.24220000000000003,0.19143500000000002,305.40859520000004,0
004,2025-08-10,15:07:24,LC09,LANDSAT_9,0.0959275,0.120705,0.12603999999999999,0.2560875,0.21104250000000002,0.16657500000000003,308.27973199999997,0
004,2025-08-11,15:01:13,LC08,LANDSAT_8,0.09493750000000001,0.12733250000000002,0.12870749999999997,0.28265250000000003,0.23169499999999998,0.1813975,309.64694,0
004,2025-08-18,15:07:25,LC08,LANDSAT_8,0.07645750000000001,0.11130000000000001,0.11770750000000002,0.25199,0.20320500000000002,0.15827000000000002,296.01245822,0
004,2025-08-19,15:01:18,LC09,LANDSAT_9,0.08569749999999998,0.12458249999999998,0.1286525,0.2794625,0.229165,0.18456,298.85625086,0
004,2025-08-26,15:07:29,LC09,LANDSAT_9,0.09986,0.13665500000000003,0.145455,0.3202175,0.2470675,0.18953750000000003,304.33533692000003,0
004,2025-08-27,15:01:14,LC08,LANDSAT_8,0.0866325,0.1296425,0.1314575,0.31617500000000004,0.2457475,0.19006,302.85875228,0
004,2025-09-03,15:07:29,LC08,LANDSAT_8,0.08542250000000001,0.12064999999999998,0.1256275,0.281745,0.2312825,0.18362499999999998,303.75427351999997,0
004,2025-09-04,15:01:23,LC09,LANDSAT_9,0.08248,0.12582,0.12634250000000002,0.31039999999999995,0.2391475,0.1842025,303.00230912,0
004,2025-09-11,15:07:35,LC09,LANDSAT_9,0.08440500000000001,0.12150250000000001,0.1307975,0.2762175,0.22193249999999998,0.18486249999999999,299.67315764,0
004,2025-09-12,15:01:20,LC08,LANDSAT_8,0.0925725,0.12603999999999999,0.1303025,0.28741,0.22504000000000002,0.171085,295.93042574000003,0
004,2025-09-19,15:07:35,LC08,LANDSAT_8,0.09064749999999999,0.13605,0.14091749999999997,0.3565175,0.2730825,0.20755,294.71702863999997,0
004,2025-09-20,15:01:26,LC09,LANDSAT_9,0.09447,0.1306875,0.13797500000000001,0.28873,0.2307325,0.1916,292.72090496,0
004,2025-09-27,15:07:39,LC09,LANDSAT_9,0.0811325,0.11693750000000003,0.12868000000000002,0.275255,0.2178075,0.17389,293.63009827999997,0
004,2025-09-28,15:01:25,LC08,LANDSAT_8,0.08591749999999998,0.12205250000000001,0.12312499999999998,0.2994275,0.2260025,0.16445749999999998,296.83961906,0
004,2025-10-06,15:01:30,LC09,LANDSAT_9,0.09359,0.12826749999999998,0.13528,0.292525,0.23579250000000002,0.18112250000000002,300.4866464,0
004,2025-10-13,15:07:45,LC09,LANDSAT_9,0.08212249999999999,0.109815,0.11702000000000001,0.23912,0.1977875,0.15233000000000002,289.84976816,0
004,2025-10-14,15:01:28,LC08,LANDSAT_8,0.031384999999999996,0.044749999999999984,0.04530000000000001,0.09139000000000003,0.06240499999999999,0.0503325,283.62897176,0
004,2025-11-23,15:01:31,LC09,LANDSAT_9,0.09425,0.128845,0.16352250000000002,0.2516875,0.248415,0.194625,274.96429106,0
